{
  
  "43.90884465165947, 42.710407811413745": 1
  "43.91814241712684, 42.73040815927133": 2
  
  

}
